{
  "accuracy": 0.8158429248476642,
  "precision": 0.8353670739471459,
  "recall": 0.8158429248476642,
  "f1_score": 0.8174164293232092,
  "micro_f1": 0.8158429248476642,
  "macro_f1": 0.8151176310599532
}