model,mean,std,folds
random_forest,0.9904255245508897,0.005816383713938243,10
svm,0.8586139018293375,0.013145252357549646,10
logistic_regression,0.8137322945077935,0.0146416255873899,10
